Workbook

Sheet Calculation for sizing HDT 
B2: PROJECT : | D2: SALMAN PLATFORM
B3: DATE: | D3: 43869
B4: Revision: | D4: 0
B6: Minimum inlet pressure | D6: 16 | E6: barg
B7: Inlet air temperature | D7: 20 | E7: °C
B8: Nominal Flow "Q" | D8: 7000 | E8: Nm3/hr | G8: -20 | H8: 10 min.
B9: Corrosion Allowance C.A. | D9: 1.5 | E9: - | G9: -40 | H9: 7 min.
B10: Required presserized Dew Point | D10: -20 | E10: °C | G10: -60 | H10: 5 Min.
B11: Internal Painting | D11: SA 2.1/2 100 micron Epoxy
B12: External Painting | D12: SA 2.1/2 40 micron Zinc Rich Epoxy Primer 40 micron High Build Epoxy Polyamide 40 micron Aliphatic Polyurethane Top Coat Total: 120 micron
B15: Correction Factor
B16: Inlet Pressure (Barg) | E16: 4 | F16: 5 | G16: 6 | H16: 7 | I16: 8 | J16: 9 | K16: 10 | L16: 11 | M16: 12 | N16: 13 | O16: 14 | P16: 15 | Q16: 16
B17: Correction Factor | E17: 0.62 | F17: 0.77 | G17: 0.9 | H17: 1 | I17: 1.09 | J17: 1.17 | K17: 1.24 | L17: 1.31 | M17: 1.37 | N17: 1.42 | O17: 1.47 | P17: 1.52 | Q17: 1.56
B19: Correction Factor | N19: Model | O19: Inlet Air Flow-Rate
B20: Inlet Air Temperature (°C) | E20: <25 | F20: 30 | G20: 35 | H20: 40 | I20: 45 | J20: 50 | K20: 55 | L20: 60 | O20: NI/min | P20: Nm3/h | Q20: scfm
B21: Correction Factor | E21: 1.12 | F21: 1.06 | G21: 1 | H21: 0.93 | I21: 0.86 | J21: 0.78 | K21: 0.7 | L21: 0.6 | N21: HDT-3 | O21: 320 | P21: =0.06*O21 -> 19.2 | Q21: =O21*0.03531467 -> 11.300694
N22: HDT-5 | O22: 530 | P22: =0.06*O22 -> 31.8 | Q22: =O22*0.03531467 -> 18.716775
B23: Interpolation | E23: Interpolation | N23: HDT-8 | O23: 760 | P23: =0.06*O23 -> 45.6 | Q23: =O23*0.03531467 -> 26.839149
B24: Pressure | C24: Corr. Factor | E24: Temperature | F24: Corr. Factor | N24: HDT-12 | O24: 1200 | P24: =0.06*O24 -> 72 | Q24: =O24*0.03531467 -> 42.377604
B25: =ROUNDDOWN(B26,0) -> 16 | C25: =IF(B25=E16,E17,IF(B25=F16,F17,IF(B25=G16,G17,IF(B25=H16,H17,IF(B25=I16,I17,IF(B25=J16,J17,IF(B25=K16,K17,IF(B25=L16,L17,IF(B25=M16,M17,IF(B25=N16,N17,IF(B25=O16,O17,IF(B25=P16,P17,IF(B25=Q16,Q17))))))))))))) -> 1.56 | E25: =IF($E$26<=25,25,IF($E$26<30,25,IF($E$26<35,30,IF($E$26<40,35,IF($E$26<45,40,IF($E$26<50,45,IF($E$26<55,50,IF($E$26<60,55)))))))) -> 25 | F25: =IF($E$25=25,$E$21,IF($E$25=$F$20,$F$21,IF($E$25=$G$20,$G$21,IF($E$25=H20,H21,IF($E$25=$I$20,$I$21,IF($E$25=$J$20,$J$21,IF($E$25=$K$20,$K$21,IF($E$25=$L$20,$L$21)))))))) -> 1.12 | N25: HDT-18 | O25: 1850 | P25: =0.06*O25 -> 111 | Q25: =O25*0.03531467 -> 65.332139
B26: =$D$6 -> 16 | C26: =IF(B26=E16,E17,IF(B26=F16,F17,IF(B26=G16,G17,IF(B26=H16,H17,IF(B26=I16,I17,IF(B26=J16,J17,IF(B26=K16,K17,IF(B26=L16,L17,IF(B26=M16,M17,IF(B26=N16,N17,IF(B26=O16,O17,IF(B26=P16,P17,IF(B26=Q16,Q17,(((B26-B25)*(C27-C25))/(B27-B25))+C25))))))))))))) -> 1.56 | E26: =$D$7 -> 20 | F26: =IF($E$26=$F$20,$F$21,IF($E$26=$G$20,$G$21,IF($E$26=$H$20,$H$21,IF($E$26=$H$20,$H$21,IF($E$26=$I$20,$I$21,IF($E$26=$J$20,$J$21,IF($E$26=$K$20,$K$21,IF($E$26=$L$20,$L$21,((($E$26-$E$25)*($F$27-$F$25))/($E$27-$E$25))+$F$25)))))))) -> 1.18 | N26: HDT-25 | O26: 2500 | P26: =0.06*O26 -> 150 | Q26: =O26*0.03531467 -> 88.286675
B27: =ROUNDUP(B26,0) -> 16 | C27: =IF(B27=E16,E17,IF(B27=F16,F17,IF(B27=G16,G17,IF(B27=H16,H17,IF(B27=I16,I17,IF(B27=J16,J17,IF(B27=K16,K17,IF(B27=L16,L17,IF(B27=M16,M17,IF(B27=N16,N17,IF(B27=O16,O17,IF(B27=P16,P17,IF(B27=Q16,Q17))))))))))))) -> 1.56 | E27: =$E$25+5 -> 30 | F27: =IF($E$27=25,$E$21,IF($E$27=$F$20,$F$21,IF($E$27=$G$20,$G$21,IF($E$27=$H$20,$H$21,IF($E$27=$I$20,$I$21,IF($E$27=$J$20,$J$21,IF($E$27=$K$20,$K$21,IF($E$27=$L$20,$L$21)))))))) -> 1.06 | N27: HDT-30 | O27: 3000 | P27: =0.06*O27 -> 180 | Q27: =O27*0.03531467 -> 105.94401
N28: HDT-40 | O28: 3900 | P28: =0.06*O28 -> 234 | Q28: =O28*0.03531467 -> 137.72721
E29: Actuator Weight (kg) | N29: HDT-50 | O29: 5000 | P29: =0.06*O29 -> 300 | Q29: =O29*0.03531467 -> 176.57335
C30: size | D30: weight (kg) | H30: Butterfly valve (Flange Connection) | I30: size | J30: weight (kg) | N30: HDT-60 | O30: 6200 | P30: =0.06*O30 -> 372 | Q30: =O30*0.03531467 -> 218.95095
B31: Ball Valve With Actuator 1/2" | C31: 1/2" | D31: 5 | E31: 1.2 | F31: =D31+E31 -> 6.2 | I31: 2" | J31: 4 | N31: HDT-75 | O31: 7500 | P31: =0.06*O31 -> 450 | Q31: =O31*0.03531467 -> 264.86003
B32: Ball Valve With Actuator 3/4" | C32: 3/4" | D32: 7 | E32: 1.3 | F32: =D32+E32 -> 8.3 | I32: 2.1/2" | J32: 4.5 | N32: HDT-90 | O32: 9000 | P32: =0.06*O32 -> 540 | Q32: =O32*0.03531467 -> 317.83203
B33: Ball Valve With Actuator 1" | C33: 1" | D33: 10 | E33: 2.1 | F33: =D33+E33 -> 12.1 | I33: 3" | J33: 5 | N33: HDT-130 | O33: 12800 | P33: =0.06*O33 -> 768 | Q33: =O33*0.03531467 -> 452.02778
B34: Ball Valve With Actuator 11/2" | C34: 11/2" | D34: 15 | E34: 4.2 | F34: =D34+E34 -> 19.2 | I34: 4" | J34: 9 | N34: HDT-160 | O34: 16200 | P34: =0.06*O34 -> 972 | Q34: =O34*0.03531467 -> 572.09765
I35: 5" | J35: 14 | N35: HDT-200 | O35: 20500 | P35: =0.06*O35 -> 1230 | Q35: =O35*0.03531467 -> 723.95074
B36: Butterfly valve (Flange Connection) | C36: size | D36: weight (kg) | I36: 6" | J36: 14 | N36: HDT-250 | O36: 25500 | P36: =0.06*O36 -> 1530 | Q36: =O36*0.03531467 -> 900.52409
C37: 1/2" | D37: 5 | I37: 8" | J37: 22 | N37: HDT-300 | O37: 30000 | P37: =0.06*O37 -> 1800 | Q37: =O37*0.03531467 -> 1059.4401
C38: 3/4" | D38: 7 | N38: HDT-350 | O38: 36000 | P38: =0.06*O38 -> 2160 | Q38: =O38*0.03531467 -> 1271.3281
C39: 1" | D39: 10 | N39: HDT-400 | O39: 42000 | P39: =0.06*O39 -> 2520 | Q39: =O39*0.03531467 -> 1483.2161
C40: 1.1/2" | D40: 18 | N40: HDT-450 | O40: 45600 | P40: =0.06*O40 -> 2736 | Q40: =O40*0.03531467 -> 1610.349
C41: 2" | D41: 19 | N41: HDT-620 | O41: 62500 | P41: =0.06*O41 -> 3750 | Q41: =O41*0.03531467 -> 2207.1669
C42: 2.1/2" | D42: 26 | N42: HDT-800 | O42: 81000 | P42: =0.06*O42 -> 4860 | Q42: =O42*0.03531467 -> 2860.4883
C43: 3" | D43: 29 | N43: HDT-1000 | O43: 102000 | P43: =0.06*O43 -> 6120 | Q43: =O43*0.03531467 -> 3602.0963
C44: 4" | D44: 48 | N44: HDT-1200 | O44: 126000 | P44: =0.06*O44 -> 7560 | Q44: =O44*0.03531467 -> 4449.6484
C45: 5" | D45: 69 | N45: HDT-1500 | O45: 151000 | P45: =0.06*O45 -> 9060 | Q45: =O45*0.03531467 -> 5332.5152
C46: 6" | D46: 77
B49: Nominal Flow "Q" | D49: =$D$8 -> 7000 | E49: m3/hr
B50: correction factor (F1) | D50: =$C$26 -> 1.56 | E50: -
B51: correction factor (F2) | D51: =$F$26 -> 1.18 | E51: -
B52: Actual outlet flow | D52: =$D$49/($D$50*$D$51) -> 3802.6945 | E52: m3/hr
B53: Dryer Type | E53: =IF($D$52<$P$21,$N$21,IF($D$52<$P$22,$N$22,IF($D$52<$P$23,$N$23,IF($D$52<$P$24,$N$24,IF($D$52<$P$25,$N$25,IF($D$52<$P$26,$N$26,IF($D$52<$P$27,$N$27,IF($D$52<$P$28,$N$28,IF($D$52<$P$29,$N$29,IF($D$52<$P$30,$N$30,IF($D$52<$P$31,$N$31,IF($D$52<$P$32,$N$32,IF($D$52<$P$33,$N$33,IF($D$52<$P$34,$N$34,IF($D$52<$P$35,$N$35,IF($D$52<$P$36,$N$36,IF($D$52<$P$37,$N$37,IF($D$52<$P$38,$N$38,IF($D$52<$P$39,$N$39,IF($D$52<$P$40,$N$40,IF($D$52<$P$41,$N$41,IF($D$52<$P$42,$N$42,IF($D$52<$P$43,$N$43,IF($D$52<$P$44,$N$44,IF($D$52<$P$45,$N$45,N45))))))))))))))))))))))))) -> HDT-800 | G53: =IF(AND($D$10=$G$10,$E$53=N21),N22,IF(AND($D$10=$G$10,$E$53=N22),N23,IF(AND($D$10=$G$10,$E$53=N23),N24,IF(AND($D$10=$G$10,$E$53=N24),N25,IF(AND($D$10=$G$10,$E$53=N25),N26,IF(AND($D$10=$G$10,$E$53=N26),N27,IF(AND($D$10=$G$10,$E$53=N27),N28,IF(AND($D$10=$G$10,$E$53=N28),N29,IF(AND($D$10=$G$10,$E$53=N29),N30,IF(AND($D$10=$G$10,$E$53=N30),N31,IF(AND($D$10=$G$10,$E$53=N31),N32,IF(AND($D$10=$G$10,$E$53=N32),N33,IF(AND($D$10=$G$10,$E$53=N33),N34,IF(AND($D$10=$G$10,$E$53=N34),N35,IF(AND($D$10=$G$10,$E$53=N35),N36,IF(AND($D$10=$G$10,$E$53=N36),N37,IF(AND($D$10=$G$10,$E$53=N37),N38,IF(AND($D$10=$G$10,$E$53=N38),N39,IF(AND($D$10=$G$10,$E$53=N39),N40,IF(AND($D$10=$G$10,$E$53=N40),N41,IF(AND($D$10=$G$10,$E$53=N41),N42,IF(AND($D$10=$G$10,$E$53=N42),N43,IF(AND($D$10=$G$10,$E$53=N43),N44,IF(AND($D$10=$G$10,$E$53=N44),N45,E53)))))))))))))))))))))))) -> HDT-800
B56: HDT's Dimension for pressures (8,10,13) barg.
B58: ITEM | C58: Type | D58: OD (inch) - (mm) | E58: LENGTH (mm) | F58: MATERIAL | H58: SKID Dimensions mm | I58: Changeover Valves | J58: Regeneration Valve | K58: Discharge Valve | L58: Nozzles Inlet & Outlet | P58: Molecular Sieve Weight | Q58: Dryer Weight
F59: SA-106 Gr. B | G59: SA516 Gr.70
F60: PIPE (SCH.) | G60: PLATE (THK.) | H60: (L x W x H) | L60: Size | M60: Material | N60: Type | O60: Rating | P60: Kg | Q60: Kg
B61: 1 | C61: HDT-3 | D61: 3" - ∅ 88.9 | E61: 900 | F61: Sch. 30 | G61: - | H61: 545 x 400 x 1280 (Approx.) | I61: Ball Valve With Actuator 1/2" | J61: =IF(D6<=10,"Angle Seat Valve 1/2 inch","Ball Valve 1/2 inch") -> Ball Valve 1/2 inch | K61: Check Valve 1/2" | L61: 1/2" | M61: Half Coupling | N61: Class | O61: 3000# | P61: 5 | Q61: 70
B62: 2 | C62: HDT-5 | D62: 3" - ∅ 88.9 | E62: 900 | F62: Sch. 30 | G62: - | H62: 545 x 400 x 1800 (Approx.) | I62: Ball valve 1/2" | J62: =IF(D6<=10,"Angle Seat Valve 1/2 inch","Ball Valve 1/2 inch") -> Ball Valve 1/2 inch | K62: Check Valve 1/2" | L62: 1/2" | M62: Half Coupling | N62: Class | O62: 3000# | P62: 9 | Q62: 90
B63: 3 | C63: HDT-8 | D63: 4" - ∅ 114.3 | E63: 1200 | F63: Sch. 30 | G63: - | H63: 1130 x 850 x 2400 (Approx.) | I63: Ball Valve With Actuator 1/2" | J63: =IF(D1<=10,"Angle Seat Valve 1/2","Ball Valve With Actuator 1/2") -> Angle Seat Valve 1/2 | K63: Check valve 1/2" | L63: 1/2" | M63: Half Coupling | N63: Class | O63: 3000# | P63: 12 | Q63: 110
B64: 4 | C64: HDT-12 | D64: 4" - ∅ 114.3 | E64: 1700 | F64: Sch. 30 | G64: - | H64: 1130 x 850 x 2400 (Approx.) | I64: Ball Valve With Actuator 3/4" | J64: =IF(D6<=10,"Angle Seat Valve 1/2","Ball Valve With Actuator 1/2") -> Ball Valve With Actuator 1/2 | K64: Wafer Disc Check valve 3/4" | L64: 3/4" | M64: Half Coupling | N64: Class | O64: 3000# | P64: 20 | Q64: 130
B65: 5 | C65: HDT-18 | D65: 5" - ∅ 141.3 | E65: 1500 | F65: Sch. 40 | G65: - | H65: 1130 x 850 x 2400 (Approx.) | I65: Ball valve with Actuator 1" | J65: =IF(D6<=10,"Angle Seat Valve 3/4 inch","Ball Valve With Actuator 3/4 inch") -> Ball Valve With Actuator 3/4 inch | K65: Wafer Disc Check valve 1" | L65: 1" | M65: SA-106 Gr.B / SA-105 | N65: S.O. / R.F. | O65: 150# | P65: 27 | Q65: 150
B66: 6 | C66: HDT-25 | D66: 6" - ∅ 168.3 | E66: 1200 | F66: Sch. 40 | G66: - | H66: 1140X 800 X 2200 (Approx.) | I66: Ball valve With Actuator 1" | J66: =IF(D6<=10,"Angle Seat Valve 3/4 inch","Ball Valve With Actuator 3/4 inch") -> Ball Valve With Actuator 3/4 inch | K66: Wafer Disc Check valve 1" | L66: 1" | M66: SA-106 Gr.B / SA-105 | N66: S.O. / R.F. | O66: 150# | P66: 40 | Q66: 245
B67: 7 | C67: HDT-30 | D67: 6" - ∅ 168.3 | E67: 1350 | F67: Sch. 40 | G67: - | H67: 1140X 800 X 2200 (Approx.) | I67: Ball Valve With Actuator 1" | J67: =IF(D6<=10,"Angle Seat Valve 3/4 inch","Ball Valve With Actuator 3/4 inch") -> Ball Valve With Actuator 3/4 inch | K67: Wafer Disc Check valve 1" | L67: 1" | M67: SA-106 Gr.B / SA-105 | N67: S.O. / R.F. | O67: 150# | P67: 45 | Q67: 245
B68: 8 | C68: HDT-40 | D68: 6" - ∅ 168.3 | E68: 1550 | F68: Sch. 40 | G68: - | H68: 1140 x 800 x 2500 (Approx.) | I68: Ball Valve With Actuator 1" | J68: =IF(D6<=10,"Angle Seat Valve 3/4 inch","Ball Valve With Actuator 3/4 inch") -> Ball Valve With Actuator 3/4 inch | K68: Wafer Disc Check valve 1" | L68: 1" | M68: SA-106 Gr.B / SA-105 | N68: S.O. / R.F. | O68: 150# | P68: 50 | Q68: 255
B69: 9 | C69: HDT-50 | D69: 8" - ∅ 219.1 | E69: 1350 | F69: Sch. 20 | G69: - | H69: 1325 x 700 x 2400 (Approx.) | I69: Ball Valve With Actuator 1 1/2" | J69: =IF(D6<=10,"Angle Seat Valve 11/4 inch","Ball Valve With Actuator 11/4 inch") -> Ball Valve With Actuator 11/4 inch | K69: Wafer Disc Check valve 1 1/2" | L69: 11/2" | M69: SA-106 Gr.B / SA-105 | N69: S.O. / R.F. | O69: 150# | P69: 79 | Q69: 255
B70: 10 | C70: HDT-60 | D70: 8" - ∅ 219.1 | E70: 1500 | F70: Sch. 20 | G70: - | H70: 1325 x 700 x 2300 (Approx.) | I70: Ball Valve With Actuator 1 1/2" | J70: =IF(D6<=10,"Angle Seat Valve 11/4 inch","Ball Valve With Actuator 11/4 inch") -> Ball Valve With Actuator 11/4 inch | K70: Wafer Disc Check valve 1 1/2" | L70: 11/2" | M70: SA-106 Gr.B / SA-105 | N70: S.O. / R.F. | O70: 150# | P70: 85 | Q70: 255
B71: 11 | C71: HDT-75 | D71: 10" - ∅ 273.1 | E71: 1350 | F71: Sch. 20 | G71: - | H71: 1425 x 850 x 2600 (Approx.) | I71: Butterfly Valve With Actuator 2" | J71: =IF(D6<=10,"Angle Seat Valve 11/2 inch","Ball Valve With Actuator 11/2 inch") -> Ball Valve With Actuator 11/2 inch | K71: Wafer Disc Check valve 2" | L71: 2" | M71: SA-106 Gr.B / SA-105 | N71: S.O. / R.F. | O71: 150# | P71: 85 | Q71: 355
B72: 12 | C72: HDT-90 | D72: 12" - ∅ 323.9 | E72: 1200 | F72: Sch. 20 | G72: - | H72: 1300 x 700 x 2410 (Approx.) | I72: Butterfly Valve With Actuator 2" | J72: =IF(D6<=10,"Angle Seat Valve 11/2 inch","Ball Valve With Actuator 11/2 inch") -> Ball Valve With Actuator 11/2 inch | K72: Wafer Disc Check valve 2" | L72: 2" | M72: SA-106 Gr.B / SA-105 | N72: S.O. / R.F. | O72: 150# | P72: 140 | Q72: 400
B73: 13 | C73: HDT-130 | D73: 14" - ∅ 355.6 | E73: 1300 | F73: Sch. 20 | G73: - | H73: 1400 x 800 x 2600 (Approx.) | I73: Butterfly Valve With Actuator 21/2" | J73: Butterfly Valve With Actuator 2" | K73: Wafer Disc Check valve 2.1/2" | L73: 21/2" | M73: SA-106 Gr.B / SA-105 | N73: S.O. / R.F. | O73: 150# | P73: 195 | Q73: 600
B74: 14 | C74: HDT-160 | D74: 14" - ∅ 355.6 | E74: 1600 | F74: Sch. 20 | G74: - | H74: 1400 x 800 x 2900 (Approx.) | I74: Butterfly valve With Actuator 21/2" | J74: Butterfly valve With Actuator 2" | K74: Wafer Disc Check valve 2.1/2" | L74: 21/2" | M74: SA-106 Gr.B / SA-105 | N74: S.O. / R.F. | O74: 150# | P74: 250 | Q74: 700
B75: 15 | C75: HDT-200 | D75: 18" - ∅ 457 | E75: 1200 | F75: Sch. 20 | G75: - | H75: 1620 x1000 x 2600 (Approx.) | I75: Butterfly valve With Actuator 3" | J75: Butterfly valve With Actuator2.1/2" | K75: Wafer Disc Check valve 3" | L75: 3" | M75: SA-106 Gr.B / SA-105 | N75: S.O. / R.F. | O75: 150# | P75: 320 | Q75: 800
B76: 16 | C76: HDT-250 | D76: 20" - ∅ 508 | E76: 1200 | F76: Sch. 20 | G76: - | H76: 1720 X 1000 X 2600 (Approx.) | I76: Butterfly Valve 3" | J76: Butterfly Valve 21/2" | K76: Check valve 3" | L76: 3" | M76: SA-106 Gr.B / SA-105 | N76: S.O. / R.F. | O76: 150# | P76: 380 | Q76: 900
B77: 17 | C77: HDT-300 | D77: 20" - ∅ 508 | E77: 1500 | F77: Sch. 20 | G77: - | H77: 1800 x 1000 x 2900 (Approx.) | I77: Butterfly valve With Actuator 3" | J77: Butterfly valve With Actuator 21/2" | K77: Check valve 3" | L77: 3" | M77: SA-106 Gr.B / SA-105 | N77: S.O. / R.F. | O77: 150# | P77: 520 | Q77: =1150 -> 1150 | T77: برای هر سه فشار 8 ،10 و 13 بررسی شد و تمامی موارد مشابه یکدیگر بودند.
B78: 18 | C78: HDT-350 | D78: 24" - ∅ 610 | E78: 1200 | F78: Sch. 20 | G78: - | H78: 2050 x1060 x 2800 (Approx.) | I78: Butterfly valve With Actuator 4" | J78: Butterfly valve With Actuator 21/2" | K78: Wafer Disc Check valve 4" | L78: 4" | M78: SA-106 Gr.B / SA-105 | N78: S.O. / R.F. | O78: 150# | P78: 580 | Q78: 1400
B79: 19 | C79: HDT-400 | D79: 650 | E79: 1200 | F79: - | G79: ='Vessel Weights'!$D$21 -> 10 | H79: 2120 x 1100 x 2800 (Approx.) | I79: Butterfly valve With Actuator 4" | J79: Butterfly valve With Actuator 3" | K79: Wafer Disc Check valve 4" | L79: 4" | M79: SA-106 Gr.B / SA-105 | N79: S.O. / R.F. | O79: 150# | P79: 690 | Q79: 1500
B80: 20 | C80: HDT-450 | D80: 700 | E80: 1200 | F80: - | G80: ='Vessel Weights'!$D$21 -> 10 | H80: 2300 x 1200 x 2800 (Approx.) | I80: Butterfly valve With Actuator 5" | J80: Butterfly valve With Actuator 4" | K80: Wafer Disc Check valve 5" | L80: 5" | M80: SA-106 Gr.B / SA-105 | N80: S.O. / R.F. | O80: 150# | P80: 810 | Q80: =MAX((2*('Vessel Weights'!T75+'Vessel Weights'!P59+'Vessel Weights'!P62+'Vessel Weights'!P65+'Vessel Weights'!P68))+$P$80,2400) -> 2687.7613
B81: 21 | C81: HDT-620 | D81: 800 | E81: 1560 | F81: - | G81: ='Vessel Weights'!$D$21 -> 10 | H81: 2000 x 2500 x 3500 (Approx.) | I81: Butterfly valve With Actuator 5" | J81: Butterfly valve With Actuator 4" | K81: Wafer Disc Check valve 5" | L81: 5" | M81: SA-106 Gr.B / SA-105 | N81: S.O. / R.F. | O81: 150# | P81: 1200 | Q81: =MAX((2*('Vessel Weights'!T75+'Vessel Weights'!P59+'Vessel Weights'!P62+'Vessel Weights'!P65+'Vessel Weights'!P68))+P81,3500) -> 3500
B82: 22 | C82: HDT-800 | D82: 900 | E82: 1500 | F82: - | G82: ='Vessel Weights'!$D$21 -> 10 | H82: 2800 x 2800 x 3500 (Approx.) | I82: Butterfly Valve with Acctuator 6" | J82: Butterfly Valve with acctuator 4" | K82: Check Valve 6" | L82: 6" | M82: SA-106 Gr.B / SA-105 | N82: S.O. / R.F. | O82: 150# | P82: 1130 | Q82: =MAX(2*('Vessel Weights'!T75+'Vessel Weights'!P59+'Vessel Weights'!P62+'Vessel Weights'!P65+'Vessel Weights'!P68)+P82,4000) -> 4000
B83: 23 | C83: HDT-1000 | D83: 1000 | E83: 1800 | F83: - | G83: ='Vessel Weights'!$D$21 -> 10 | H83: 2500 x 3000 x 4000 (Approx.) | I83: Butterfly Valve with Acctuator 6" | J83: Butterfly Valve with acctuator 4" | K83: Wafer Disc Check Valve 6" | L83: 6" | M83: SA-106 Gr.B / SA-105 | N83: S.O. / R.F. | O83: 150# | P83: 1650 | Q83: =MAX(2*('Vessel Weights'!T75+'Vessel Weights'!P59+'Vessel Weights'!P62+'Vessel Weights'!P65+'Vessel Weights'!P68)+P83,4800) -> 4800
B84: 24 | C84: HDT-1200 | D84: 1000 | E84: 2300 | F84: - | G84: ='Vessel Weights'!$D$21 -> 10 | H84: 2700 x3100 x 4500 (Approx.) | I84: Butterfly valve With Actuator 6" | J84: Butterfly valve With Actuator 4" | K84: Wafer Disc Check valve 6" | L84: 6" | M84: SA-106 Gr.B / SA-105 | N84: S.O. / R.F. | O84: 150# | P84: 2400 | Q84: =MAX(2*('Vessel Weights'!T75+'Vessel Weights'!P59+'Vessel Weights'!P62+'Vessel Weights'!P65+'Vessel Weights'!P68)+P84,6000) -> 6000
B85: 25 | C85: HDT-1500 | D85: 1250 | E85: 1500 | F85: - | G85: ='Vessel Weights'!$D$21 -> 10 | H85: 3000 X 2500 X 3000 (Approx.) | I85: Butterfly valve With Actuator 8" | J85: Wafer Disk Check valve 3" | K85: Wafer Disk Check valve 8" | L85: 8" | M85: SA-106 Gr.B / SA-105 | N85: S.O. / R.F. | O85: 150# | P85: 2410 | Q85: =MAX(2*('Vessel Weights'!T75+'Vessel Weights'!P59+'Vessel Weights'!P62+'Vessel Weights'!P65+'Vessel Weights'!P68)+P85,5710) -> 5710
B88: HDT's Dimension for pressures (8,10,13) barg.
B90: ITEM | C90: Type | D90: OD (inch) - (mm) | E90: LENGTH (mm) | F90: MATERIAL | H90: SKID Dimensions mm | I90: Changeover Valves | J90: Regeneration Valve | K90: Discharge Valve | L90: Nozzles Inlet & Outlet | P90: Molecular Sieve Weight | Q90: Dryer Weight
F91: SA-106 Gr. B | G91: SA516 Gr.70
F92: PIPE (SCH.) | G92: PLATE (THK.) | H92: (L x W x H) | L92: Size | M92: Material | N92: Type | O92: Rating | P92: Kg | Q92: Kg
B93: 1 | C93: =$G$53 -> HDT-800 | D93: =IF($C$93=C61,D61,IF($C$93=C62,D62,IF($C$93=C63,D63,IF($C$93=C64,D64,IF($C$93=C65,D65,IF($C$93=C66,D66,IF($C$93=C67,D67,IF($C$93=C68,D68,IF($C$93=C69,D69,IF($C$93=C70,D70,IF($C$93=C71,D71,IF($C$93=C73,D73,IF($C$93=C74,D74,IF($C$93=C75,D75,IF($C$93=C76,D76,IF($C$93=C77,D77,IF($C$93=C78,D78,IF($C$93=C79,D79,IF($C$93=C80,D80,IF($C$93=C81,D81,IF($C$93=C82,D82,IF($C$93=C83,D83,IF($C$93=C84,D84,IF($C$93=C85,D85,D72)))))))))))))))))))))))) -> 900 | E93: =IF($C$93=C61,E61,IF($C$93=C62,E62,IF($C$93=C63,E63,IF($C$93=C64,E64,IF($C$93=C65,E65,IF($C$93=C66,E66,IF($C$93=C67,E67,IF($C$93=C68,E68,IF($C$93=C69,E69,IF($C$93=C70,E70,IF($C$93=C71,E71,IF($C$93=C73,E73,IF($C$93=C74,E74,IF($C$93=C75,E75,IF($C$93=C76,E76,IF($C$93=C77,E77,IF($C$93=C78,E78,IF($C$93=C79,E79,IF($C$93=C80,E80,IF($C$93=C81,E81,IF($C$93=C82,E82,IF($C$93=C83,E83,IF($C$93=C84,E84,IF($C$93=C85,E85,E72)))))))))))))))))))))))) -> 1500 | F93: =IF($C$93=C61,F61,IF($C$93=C62,F62,IF($C$93=C63,F63,IF($C$93=C64,F64,IF($C$93=C65,F65,IF($C$93=C66,F66,IF($C$93=C67,F67,IF($C$93=C68,F68,IF($C$93=C69,F69,IF($C$93=C70,F70,IF($C$93=C71,F71,IF($C$93=C73,F73,IF($C$93=C74,F74,IF($C$93=C75,F75,IF($C$93=C76,F76,IF($C$93=C77,F77,IF($C$93=C78,F78,IF($C$93=C79,F79,IF($C$93=C80,F80,IF($C$93=C81,F81,IF($C$93=C82,F82,IF($C$93=C83,F83,IF($C$93=C84,F84,IF($C$93=C85,F85,F72)))))))))))))))))))))))) -> - | G93: =IF(C93=C61,G61,IF(C93=C62,G62,IF(C93=C63,G63,IF(C93=C64,G64,IF(C93=C65,G65,IF(C93=C66,G66,IF(C93=C67,G67,IF(C93=C68,G68,IF(C93=C69,G69,IF(C93=C70,G70,IF(C93=C71,G71,IF(C93=C73,G73,IF(C93=C74,G74,IF(C93=C75,G75,IF(C93=C76,G76,IF(C93=C77,G77,IF(C93=C78,G78,IF(C93=C79,G79,IF(C93=C80,G80,IF(C93=C81,G81,IF(C93=C82,G82,IF(C93=C83,G83,IF($C$93=C84,G84,IF($C$93=C85,G85,G72)))))))))))))))))))))))) -> 10 | H93: =IF(C93=C61,H61,IF(C93=C62,H62,IF(C93=C63,H63,IF(C93=C64,H64,IF(C93=C65,H65,IF(C93=C66,H66,IF(C93=C67,H67,IF(C93=C68,H68,IF(C93=C69,H69,IF(C93=C70,H70,IF(C93=C71,H71,IF(C93=C73,H73,IF(C93=C74,H74,IF(C93=C75,H75,IF(C93=C76,H76,IF(C93=C77,H77,IF(C93=C78,H78,IF(C93=C79,H79,IF(C93=C80,H80,IF(C93=C81,H81,IF(C93=C82,H82,IF(C93=C83,H83,IF($C$93=C84,H84,IF($C$93=C85,H85,H72)))))))))))))))))))))))) -> 2800 x 2800 x 3500 (Approx.) | I93: =IF(C93=C61,I61,IF(C93=C62,I62,IF(C93=C63,I63,IF(C93=C64,I64,IF(C93=C65,I65,IF(C93=C66,I66,IF(C93=C67,I67,IF(C93=C68,I68,IF(C93=C69,I69,IF(C93=C70,I70,IF(C93=C71,I71,IF(C93=C73,I73,IF(C93=C74,I74,IF(C93=C75,I75,IF(C93=C76,I76,IF(C93=C77,I77,IF(C93=C78,I78,IF(C93=C79,I79,IF(C93=C80,I80,IF(C93=C81,I81,IF(C93=C82,I82,IF(C93=C83,I83,IF($C$93=C84,I84,IF($C$93=C85,I85,I72)))))))))))))))))))))))) -> Butterfly Valve with Acctuator 6" | J93: =IF(C93=C61,J61,IF(C93=C62,J62,IF(C93=C63,J63,IF(C93=C64,J64,IF(C93=C65,J65,IF(C93=C66,J66,IF(C93=C67,J67,IF(C93=C68,J68,IF(C93=C69,J69,IF(C93=C70,J70,IF(C93=C71,J71,IF(C93=C73,J73,IF(C93=C74,J74,IF(C93=C75,J75,IF(C93=C76,J76,IF(C93=C77,J77,IF(C93=C78,J78,IF(C93=C79,J79,IF(C93=C80,J80,IF(C93=C81,J81,IF(C93=C82,J82,IF(C93=C83,J83,IF($C$93=C84,J84,IF($C$93=C85,J85,J72)))))))))))))))))))))))) -> Butterfly Valve with acctuator 4" | K93: =IF(C93=C61,K61,IF(C93=C62,K62,IF(C93=C63,K63,IF(C93=C64,K64,IF(C93=C65,K65,IF(C93=C66,K66,IF(C93=C67,K67,IF(C93=C68,K68,IF(C93=C69,K69,IF(C93=C70,K70,IF(C93=C71,K71,IF(C93=C73,K73,IF(C93=C74,K74,IF(C93=C75,K75,IF(C93=C76,K76,IF(C93=C77,K77,IF(C93=C78,K78,IF(C93=C79,K79,IF(C93=C80,K80,IF(C93=C81,K81,IF(C93=C82,K82,IF(C93=C83,K83,IF($C$93=C84,K84,IF($C$93=C85,K85,K72)))))))))))))))))))))))) -> Check Valve 6" | L93: =IF(C93=C61,L61,IF(C93=C62,L62,IF(C93=C63,L63,IF(C93=C64,L64,IF(C93=C65,L65,IF(C93=C66,L66,IF(C93=C67,L67,IF(C93=C68,L68,IF(C93=C69,L69,IF(C93=C70,L70,IF(C93=C71,L71,IF(C93=C73,L73,IF(C93=C74,L74,IF(C93=C75,L75,IF(C93=C76,L76,IF(C93=C77,L77,IF(C93=C78,L78,IF(C93=C79,L79,IF(C93=C80,L80,IF(C93=C81,L81,IF(C93=C82,L82,IF(C93=C83,L83,IF($C$93=C84,L84,IF($C$93=C85,L85,L72)))))))))))))))))))))))) -> 6" | M93: =IF(C93=C61,M61,IF(C93=C62,M62,IF(C93=C63,M63,IF(C93=C64,M64,IF(C93=C65,M65,IF(C93=C66,M66,IF(C93=C67,M67,IF(C93=C68,M68,IF(C93=C69,M69,IF(C93=C70,M70,IF(C93=C71,M71,IF(C93=C73,M73,IF(C93=C74,M74,IF(C93=C75,M75,IF(C93=C76,M76,IF(C93=C77,M77,IF(C93=C78,M78,IF(C93=C79,M79,IF(C93=C80,M80,IF(C93=C81,M81,IF(C93=C82,M82,IF(C93=C83,M83,IF($C$93=C84,M84,IF($C$93=C85,M85,M72)))))))))))))))))))))))) -> SA-106 Gr.B / SA-105 | N93: =IF(C93=C61,N61,IF(C93=C62,N62,IF(C93=C63,N63,IF(C93=C64,N64,IF(C93=C65,N65,IF(C93=C66,N66,IF(C93=C67,N67,IF(C93=C68,N68,IF(C93=C69,N69,IF(C93=C70,N70,IF(C93=C71,N71,IF(C93=C73,N73,IF(C93=C74,N74,IF(C93=C75,N75,IF(C93=C76,N76,IF(C93=C77,N77,IF(C93=C78,N78,IF(C93=C79,N79,IF(C93=C80,N80,IF(C93=C81,N81,IF(C93=C82,N82,IF(C93=C83,N83,IF($C$93=C84,N84,IF($C$93=C85,N85,N72)))))))))))))))))))))))) -> S.O. / R.F. | O93: =IF(C93=C61,O61,IF(C93=C62,O62,IF(C93=C63,O63,IF(C93=C64,O64,IF(C93=C65,O65,IF(C93=C66,O66,IF(C93=C67,O67,IF(C93=C68,O68,IF(C93=C69,O69,IF(C93=C70,O70,IF(C93=C71,O71,IF(C93=C73,O73,IF(C93=C74,O74,IF(C93=C75,O75,IF(C93=C76,O76,IF(C93=C77,O77,IF(C93=C78,O78,IF(C93=C79,O79,IF(C93=C80,O80,IF(C93=C81,O81,IF(C93=C82,O82,IF(C93=C83,O83,IF($C$93=C84,O84,IF($C$93=C85,O85,O72)))))))))))))))))))))))) -> 150# | P93: =IF(C93=C61,P61,IF(C93=C62,P62,IF(C93=C63,P63,IF(C93=C64,P64,IF(C93=C65,P65,IF(C93=C66,P66,IF(C93=C67,P67,IF(C93=C68,P68,IF(C93=C69,P69,IF(C93=C70,P70,IF(C93=C71,P71,IF(C93=C73,P73,IF(C93=C74,P74,IF(C93=C75,P75,IF(C93=C76,P76,IF(C93=C77,P77,IF(C93=C78,P78,IF(C93=C79,P79,IF(C93=C80,P80,IF(C93=C81,P81,IF(C93=C82,P82,IF(C93=C83,P83,IF($C$93=C84,P84,IF($C$93=C85,P85,P72)))))))))))))))))))))))) -> 1130 | Q93: =IF(C93=C61,Q61,IF(C93=C62,Q62,IF(C93=C63,Q63,IF(C93=C64,Q64,IF(C93=C65,Q65,IF(C93=C66,Q66,IF(C93=C67,Q67,IF(C93=C68,Q68,IF(C93=C69,Q69,IF(C93=C70,Q70,IF(C93=C71,Q71,IF(C93=C73,Q73,IF(C93=C74,Q74,IF(C93=C75,Q75,IF(C93=C76,Q76,IF(C93=C77,Q77,IF(C93=C78,Q78,IF(C93=C79,Q79,IF(C93=C80,Q80,IF(C93=C81,Q81,IF(C93=C82,Q82,IF(C93=C83,Q83,IF($C$93=C84,Q84,IF($C$93=C85,Q85,Q72)))))))))))))))))))))))) -> 4000
G94: ='Vessel Weights'!D46 -> 10
G96: Head

Sheet Vessel Weights
B2: VESSEL WEIGHTS
C6: Input data
C7: Output data
B9: CYLINDRICAL SHELL
B11: P | C11: Design pressure | F11: P = | G11: =I11*14.5038 -> 261.0684 | H11: psi | I11: =ROUNDDOWN('Calculation for sizing HDT '!D6+2,0) -> 18 | J11: barg | M11: Allowable Stress * | Q11: Density
B12: S* | C12: allowable stress | F12: S = | G12: =I12*145.038 -> 20000.74 | H12: psi | I12: =P12 -> 137.9 | J12: N/mm2 | M12: SA-516Gr.70 | O12: S= | P12: 137.9 | Q12: N/mm2 | R12: ρ = | S12: 7750 | T12: Kg/m3
B13: E | C13: Joint efficiency | F13: E = | G13: =I13 -> 0.85 | H13: — | I13: 0.85 | J13: — | M13: SA-36 | O13: S= | P13: 114.5 | Q13: N/mm2 | R13: ρ = | S13: 7750 | T13: Kg/m3
B14: R | C14: Inside raduis | F14: R = | G14: =I14/25.4 -> 17.716535 | H14: in | I14: =I15/2 -> 450 | J14: mm | M14: SA-283C | O14: S= | P14: 108.3 | Q14: N/mm2 | R14: ρ = | S14: 7750 | T14: Kg/m3
B15: ID | C15: Inside dia. | F15: OD = | G15: =I15/25.4 -> 35.433071 | H15: in | I15: ='Calculation for sizing HDT '!D93 -> 900 | J15: mm | M15: SA-240 316L | O15: S= | P15: 115.1 | Q15: N/mm2 | R15: ρ = | S15: 8027 | T15: Kg/m3
B16: t | C16: wall thk. | F16: C.A. = | G16: =I16/25.4 -> 0.059055118 | H16: in | I16: ='Calculation for sizing HDT '!D9 -> 1.5 | J16: mm | M16: SA-240 304L | O16: S= | P16: 115.1 | Q16: N/mm2 | R16: ρ = | S16: 8027 | T16: Kg/m3
B17: WL. To WL. | C17: Length | F17: L = | G17: =I17/25.4 -> 59.055118 | H17: in | I17: ='Calculation for sizing HDT '!E93 -> 1500 | J17: mm | M17: SA-240 316 | O17: S= | P17: 137.9 | Q17: N/mm2 | R17: ρ = | S17: 8027 | T17: Kg/m3
B18: C.A. | C18: Corrosion Allowance | F18: t = | G18: =((G11*G14)/(G12*G13+(0.4*G11)))+G16 -> 0.3294563 | H18: in | I18: =G18*25.4 -> 8.3681901 | J18: mm | M18: SA-240 304 | O18: S= | P18: 137.9 | Q18: N/mm2 | R18: ρ = | S18: 8027 | T18: Kg/m3
B19: t = P * R/(SE + 0.4P) | M19: SA-240 31803 | O19: S= | P19: 177.2 | Q19: N/mm2 | R19: ρ = | S19: 8027 | T19: Kg/m3
B21: Shell Thickness | D21: =IF(ROUNDUP(I18,0)=4,4,IF(ROUNDUP(I18,0)=5,5,IF(ROUNDUP(I18,0)=6,6,IF(ROUNDUP(I18,0)=7,8,IF(ROUNDUP(I18,0)=8,8,IF(ROUNDUP(I18,0)=9,10,IF(ROUNDUP(I18,0)=10,10,IF(ROUNDUP(I18,0)=11,12,IF(ROUNDUP(I18,0)=12,12,IF(ROUNDUP(I18,0)=13,14,IF(ROUNDUP(I18,0)=14,14,IF(ROUNDUP(I18,0)=15,15,IF(ROUNDUP(I18,0)=16,16,IF(ROUNDUP(I18,0)=17,18,IF(ROUNDUP(I18,0)=18,18,IF(ROUNDUP(I18,0)=19,20,IF(ROUNDUP(I18,0)=20,20,IF(ROUNDUP(I18,0)=21,22,IF(ROUNDUP(I18,0)=23,24,IF(ROUNDUP(I18,0)=24,24,IF(ROUNDUP(I18,0)=25,25))))))))))))))))))))) -> 10 | E21: mm
B23: Following formula has been used for calculating the Cylindrical weight:
B24: Cylindrical weight = π x ID x thk x ρ x L
B25: where, | I25: S.F. = | K25: 50 | L25: mm
B26: π = 3.141 | I26: π = | K26: 3.141 | L26: —
B27: ID = Inside Diameter | I27: ID = | K27: =$I$15-2*D21 -> 880 | L27: mm
B28: thk = Thickness of Shell | I28: thk. = | K28: =$D$21 -> 10 | L28: mm
B29: ρ = Density of Material | I29: ρ = | K29: =$S$12 -> 7750 | L29: Kg/m3
B30: L = Shell Length | I30: L = | K30: =$I$17 -> 1500 | L30: mm | N30: Cylindrical weight=
I31: Cylindrical weight= | K31: =K26*(K27/1000)*(K28/1000)*(K30/1000)*K29 -> 321.3243 | L31: mm | N31: Cylindrical weight= | P31: =K31*1.1 -> 353.45673 | Q31: Kg
B32: NOTE:
B33: In the PV Elite software multiplies the total weight of the vessel by 1.0 plus.
B35: 2:1 ELLIPSOIDAL HEAD
B37: P | C37: Design pressure | F37: P = | G37: =I37*14.5038 -> 261.0684 | H37: psi | I37: =$I$11 -> 18 | J37: barg | N37: S.F. = | P37: 50 | Q37: mm
B38: S* | C38: allowable stress | F38: S = | G38: =I38*145.038 -> 20000.74 | H38: psi | I38: =$I$12 -> 137.9 | J38: N/mm2 | N38: π = | P38: 3.141 | Q38: —
B39: E | C39: Joint efficiency | F39: E = | G39: =$I$39 -> 1 | H39: — | I39: 1 | J39: — | N39: ID = | P39: =I41-2*D46 -> 880 | Q39: mm
B40: R | C40: Outside raduis | F40: R = | G40: =I40/25.4 -> 17.716535 | H40: in | I40: =$I$41/2 -> 450 | J40: mm | N40: thk. = | P40: =D46 -> 10 | Q40: mm
B41: D | C41: Outside dia. | F41: OD = | G41: =I41/25.4 -> 35.433071 | H41: in | I41: =$I$15 -> 900 | J41: mm | N41: ρ = | P41: =$S$12 -> 7750 | Q41: Kg/m3
B42: t | C42: wall thk. | F42: C.A. = | G42: =I42/25.4 -> 0.059055118 | H42: in | I42: =$I$16 -> 1.5 | J42: mm | N42: L = | P42: =P37 -> 50 | Q42: mm
B43: C.A. | C43: Corrosion Allowance | F43: t = | G43: =((G37*G41)/(2*G38*G39+1.8*G37))+G42 -> 0.28762281 | H43: in | I43: =G43*25.4 -> 7.3056193 | J43: mm | N43: Cylindrical weight= | P43: =P38*(P39/1000)*(P40/1000)*(P42/1000)*P41 -> 10.71081 | Q43: mm
B44: t = P * D/(2SE + 1.8P)
O45: ts/L<0.002 | Q45: As per Appendix 1-4 ASME VIII div.1
B46: Head Thickness | D46: =IF(ROUNDUP(I43,0)=4,6,IF(ROUNDUP(I43,0)=5,6,IF(ROUNDUP(I43,0)=6,8,IF(ROUNDUP(I43,0)=7,8,IF(ROUNDUP(I43,0)=8,10,IF(ROUNDUP(I43,0)=9,12,IF(ROUNDUP(I43,0)=10,12,IF(ROUNDUP(I43,0)=11,14,IF(ROUNDUP(I43,0)=12,14,IF(ROUNDUP(I43,0)=13,15,IF(ROUNDUP(I43,0)=14,16,IF(ROUNDUP(I43,0)=15,18,IF(ROUNDUP(I43,0)=16,18,IF(ROUNDUP(I43,0)=17,20,IF(ROUNDUP(I43,0)=18,20,IF(ROUNDUP(I43,0)=19,22,IF(ROUNDUP(I43,0)=20,22,IF(ROUNDUP(I43,0)=21,24,IF(ROUNDUP(I43,0)=23,26,IF(ROUNDUP(I43,0)=24,26,IF(ROUNDUP(I43,0)=25,28))))))))))))))))))))) -> 10 | E46: mm | O46: ts<= | P46: (250*D/500)/251
O47: ts<= | P47: =(250*I41/500)/251 -> 1.7928287 | Q47: mm | S47: ID= | T47: =I41-(2*P47)+I42 -> 897.91434
B48: Following formula has been used for calculating the Ellipsoidal head blank weight: | S48: Kcor= | T48: =(2+(T47/(T47/2))^2)/6 -> 1
B49: Blank Weight = (π * BD² * thk * ρ )/ 4 | O49: tr=PDoKcor/2SE+2P(Kcor-0.1)
B50: where, | J50: S.F. = | K50: 50 | L50: mm | O50: tr= | P50: =((G37*G41*T48)/(2*G38*G39+2*G37*(T48-0.1)))+G42 -> 0.28762281 | R50: tr= | S50: =P50*25.4 -> 7.3056193
B51: π = 3.141 | J51: π = | K51: 3.141
B52: BD = Blank Diameter (Development Diameter) | J52: BD = | K52: =K60 -> 1123.4286 | L52: mm
B53: thk = Thickness of Head | J53: thk. = | K53: =D46 -> 10 | L53: mm
B54: ρ = Density of Material | J54: ρ = | K54: =K29 -> 7750 | L54: Kg/m3 | N54: Head weight
I55: Blank Weight = | K55: =(K51*(K52/1000)^2*(K53/1000)*K54)/4 -> 76.80696 | L55: Kg | N55: Head weight= | P55: =K55*1.1 -> 84.487656 | Q55: Kg
B56: NOTE:
B57: In the PV Elite software multiplies the total weight of the vessel by 1.0 plus.
N58: Leg weight
B59: For plate thickness less than 25 mm / 1.0 inch | N59: 4 x 1000 (IPE 120) = | P59: =4*11.1 -> 44.4 | Q59: Kg
B60: Blank Diameter = D + (D/42) + (2*S.F)+ ((2/3) * Kr) | J60: BD = | K60: =$I$41+$I$41/42+2*$K$50+((2/3)*$K$67) -> 1123.4286 | L60: mm
N61: Pad for Leg weight
B62: For plate thickness equal or more than 25 mm / 1.0 inch | N62: 4 x 250 x 250= | P62: =4*D21*7850*250*250*10^-9 -> 19.625 | Q62: Kg
B63: Blank Diameter = D + (D/42) + (2*S.F) + ((2/3) * Kr)+ thk | J63: BD = | L63: mm
B64: where, | N64: Base plat weight
B65: D = Outside Diameter of Ellipsoidal Head | N65: 4 x 300 x 300= | P65: =4*27*7850*300*300*10^-9 -> 76.302 | Q65: Kg
B66: S.F. = Straight Face
B67: Kr = 0.17*D = Knuckle Radius | J67: Kr = | K67: =0.17*($I$41) -> 153 | L67: mm | N67: Nozzles weight
B68: thk = Thickness of Head | N68: M1+In+Out | P68: 250 | Q68: Kg
N70: Other connections weight
N71: Piping + fitting + valves | P71: 250 | Q71: Kg
B72: NOTE:
B73: In the PV Elite software multiplies the total weight of the vessel by 1.0 plus.
N74: Total Weights in PVElite software + 5% Miscellaneous Weight:
B75: Vessel weight + two ellipsoidal heads | J75: V.W = | K75: =K31+2*K55 -> 474.93822 | L75: kg. | N75: Vessel weight= | T75: =(P31+2*P55)*1.05 -> 548.55364 | U75: Kg

Sheet Cover
J1: ='Calculation for sizing HDT '!D2 -> SALMAN PLATFORM
J2: Data Sheet For Air Dryer
A3: No | J3: Date | N3: ='Calculation for sizing HDT '!D3 -> 43869 | S3: Revision | W3: ='Calculation for sizing HDT '!D4 -> 0 | AB3: Page 1 of 2
A4: Data Sheet For Air Dryer
A26: =W3 -> 0 | D26: Issued For Information | P26: S.S.K. | U26: F.Kh | Z26: H.M | AE26: =N3 -> 43869
A27: Rev | D27: Status | P27: Prepared | U27: Checked | Z27: Approved | AE27: Date

Sheet Dryer Data Sheet
J1: =Cover!J1 -> SALMAN PLATFORM
J2: Data Sheet For Air Dryer
J3: Date | M3: =Cover!N3 -> 43869 | S3: Revision | W3: =Cover!W3 -> 0 | AB3: Page 2 of 2
A4: DRYER
A5: 1 | B5: Quantity | L5: 2 | S5: TYPE | Y5: ¢ | Z5: Heatless | AD5: £ | AE5: Heat Regenerated
A6: 2 | B6: Manufacturer | L6: HAVAYAR | S6: Area Classification | Y6: ¢ | Z6: Safe Area | AD6: £ | AE6: Hazardous Area
A7: 3 | B7: Model | L7: ='Calculation for sizing HDT '!G53 -> HDT-800 | S7: Change Over | Y7: £ | Z7: Manual | AD7: ¢ | AE7: Automatic
A8: 4 | B8: Cycle Time | L8: =IF('Calculation for sizing HDT '!D10='Calculation for sizing HDT '!G8,'Calculation for sizing HDT '!H8,IF('Calculation for sizing HDT '!D10='Calculation for sizing HDT '!G9,'Calculation for sizing HDT '!H9,IF('Calculation for sizing HDT '!D10='Calculation for sizing HDT '!G10,'Calculation for sizing HDT '!H10))) -> 10 min. | S8: Location | Y8: ¢ | Z8: Indoor | AD8: £ | AE8: Outdoor, Under shelter
A9: OPERATING CONDITIONS | S9: MECHANICAL DESIGN DATA
A10: 5 | B10: Gas To Be Dried | L10: AIR | S10: Design Code | AC10: ASME Sec VIII DIV I
A11: 6 | B11: Inlet Flow Rate, Nm3/hr | L11: ='Calculation for sizing HDT '!D8 -> 7000 | P11: (Note 1) | S11: Design Pressure, barg | AC11: =ROUNDDOWN($L$13+2,0) -> 18
A12: 7 | B12: Inlet Temperature, °C | L12: ='Calculation for sizing HDT '!D7 -> 20 | S12: Design Temperature, °C | AC12: 85
A13: 8 | B13: Max. Inlet Pressure, barg | L13: ='Calculation for sizing HDT '!D6 -> 16 | S13: Test pressure, barg | AC13: =1.3*AC11 -> 23.4
A14: 9 | B14: Rel. Humidity, % | L14: Saturated at inlet press. | S14: Corrosion Allowance, mm | AC14: ='Calculation for sizing HDT '!D9 -> 1.5
A15: 10 | B15: Dew Point, °C | L15: ='Calculation for sizing HDT '!D10 -> -20 | P15: °C | S15: Noise Limit, dBA | AC15: Max. 85
A16: 11 | B16: Allow. Press. Drop, bar | L16: 0.2 | S16: Dryer Type | AC16: Desiccant
A17: 12 | B17: Actual Press. Drop, bar | L17: 0.1 | S17: Drying Medium | AC17: Air
A18: 13 | B18: Outlet Flow Rate, Nm3/hr | L18: =$L$11*0.85 -> 5950 | S18: Regenerating Medium | AC18: Air
A19: 14 | B19: Duty | L19: Air
A20: CONSTRUCTION | S20: MATERIAL
A21: 15 | B21: Tower Qty. | L21: 2 | S21: Shell Material | AC21: =IF('Calculation for sizing HDT '!F93="-",'Calculation for sizing HDT '!G91,IF('Calculation for sizing HDT '!G93="-",'Calculation for sizing HDT '!F91)) -> SA516 Gr.70
A22: 16 | B22: Tower Design Code | L22: ASME Sec VIII DIV 1 | S22: Head Material | AC22: =IF(AC21="SA516 Gr.70","SA516 Gr.70",IF(AC21="SA-106 Gr. B","SA-234 WPB")) -> SA516 Gr.70
A23: 17 | B23: Safety valve Qty. | L23: 1 per Tower | S23: Interconnecting Piping Material | AC23: SA-106 Gr. B
A24: 18 | B24: Safety Valve Set Press, bar g | L24: =AC11 -> 18 | S24: Base Plate Material | AC24: C.S.
A25: 19 | B25: Manufacturer | L25: HAVAYAR | S25: Nozzle Flange / Neck | AC25: SA-105 / SA-106 Gr.B
A26: 20 | B26: Adsorbent Type | L26: Molecular Sieve | S26: Muffler | AC26: Aluminum
A27: 21 | S27: Internals | AC27: S.S.304
A28: THICKNESS | S28: NOZZLES
A29: 22 | B29: Shell Thickness(mm) | L29: =IF(AC21="SA-106 Gr. B",'Calculation for sizing HDT '!F93,IF(AC21="SA516 Gr.70",'Calculation for sizing HDT '!G93)) -> 10 | S29: Nozzles | W29: Size | Y29: Material | AE29: Type | AI29: Rating
A30: 23 | B30: =IF(AC22="SA516 Gr.70","Minimum Head Thickness After forming (mm)","Head Thickness (mm)") -> Minimum Head Thickness After forming (mm) | L30: =IF(AC21="SA516 Gr.70",'Vessel Weights'!$I$43,L29) -> 7.3056193 | S30: Inlet | W30: ='Calculation for sizing HDT '!L93 -> 6" | Y30: ='Calculation for sizing HDT '!M93 -> SA-106 Gr.B / SA-105 | AE30: ='Calculation for sizing HDT '!N93 -> S.O. / R.F. | AI30: ='Calculation for sizing HDT '!O93 -> 150#
A31: 24 | B31: Joint efficiency shell / head / Shell to Head | L31: 1.0 / 1.0 / 0.85 | S31: Outlet | W31: ='Calculation for sizing HDT '!L93 -> 6" | Y31: ='Calculation for sizing HDT '!M93 -> SA-106 Gr.B / SA-105 | AE31: ='Calculation for sizing HDT '!N93 -> S.O. / R.F. | AI31: ='Calculation for sizing HDT '!O93 -> 150#
A32: INSTRUMENTATION
A33: 25 | B33: Control Panel Type | I33: £ | J33: DDC15 | Q33: ¢ | R33: PLC | S33: Manual Override | AC33: £ | AD33: Yes | AI33: ¢ | AJ33: No
A34: 26 | B34: Press. Gauges | I34: ¢ | J34: Yes | Q34: £ | R34: No | S34: Control Voltage Transformer | AC34: £ | AD34: Yes | AI34: ¢ | AJ34: No
A35: 27 | B35: Temp. Gauges | I35: £ | J35: Yes | Q35: ¢ | R35: No | S35: Switch Failure Alarm | AC35: £ | AD35: Yes (LOCAL) | AI35: ¢ | AJ35: No
A36: 28 | B36: Safety Valve | I36: ¢ | J36: Yes | Q36: £ | R36: No | S36: High Humidity Alarm | AC36: ¢ | AD36: Yes | AI36: ¢ | AJ36: No
A37: 29 | B37: General Alarm | I37: ¢ | J37: Yes | Q37: £ | R37: No | S37: Pre-filter DPI | AC37: ¢ | AD37: Yes | AI37: £ | AJ37: No
A38: 30 | B38: Running Status | I38: ¢ | J38: Yes | Q38: £ | R38: No | S38: After-filter DPI | AC38: ¢ | AD38: Yes | AI38: £ | AJ38: No
A39: 31 | B39: Remote Start/Stop | I39: £ | J39: Yes | Q39: ¢ | R39: No | S39: Dew Point Indicator | AC39: ¢ | AD39: Yes (On PLC) | AI39: £ | AJ39: No
A40: 32 | S40: Dew Point Transmitter | AC40: ¢ | AD40: Yes | AI40: £ | AJ40: No
A41: MISCELLANEOUS
A42: 31 | B42: Tower's OD ,mm | H42: ='Calculation for sizing HDT '!D93 -> 900 | S42: Purge Rate | Y42: Max 15% OF inlet Flow
A43: 32 | B43: Tower's Length, mm | H43: ='Calculation for sizing HDT '!E93 -> 1500 | S43: Vent Silencer / Type | Y43: Muffler
A44: 33 | B44: L x W x H, mm | H44: ='Calculation for sizing HDT '!H93 -> 2800 x 2800 x 3500 (Approx.) | S44: Molecular Sieve Weight ,Kg | Y44: ='Calculation for sizing HDT '!P93 -> 1130
A45: 34 | B45: Changeover Valves | H45: ='Calculation for sizing HDT '!I93 -> Butterfly Valve with Acctuator 6" | S45: Total Weight, With Molecular Sieve ,Kg | Y45: Approx. | AF45: ='Calculation for sizing HDT '!Q93 -> 4000
A46: 35 | B46: Regeneration Valve | H46: ='Calculation for sizing HDT '!J93 -> Butterfly Valve with acctuator 4" | S46: Internal Painting | Y46: ='Calculation for sizing HDT '!D11 -> SA 2.1/2 100 micron Epoxy
A47: 36 | B47: Discharge Valve | H47: ='Calculation for sizing HDT '!K93 -> Check Valve 6" | S47: External Painting | Y47: ='Calculation for sizing HDT '!D12 -> SA 2.1/2 40 micron Zinc Rich Epoxy Primer 40 micron High Build Epoxy Polyamide 40 micron Aliphatic Polyurethane Top Coat Total: 120 micron
A48: INSPECTION AND TESTING
A49: 37 | H49: Yes | J49: No | L49: Percent | Y49: Yes | AA49: No | AC49: Percent
A50: 38 | B50: Hydro Test | H50: ¢ | J50: £ | S50: Welding Visual Test | Y50: ¢ | AA50: £
A51: 39 | B51: Function Test | H51: ¢ | J51: £ | S51: Performance Test | Y51: ¢ | AA51: £
A52: 40 | B52: Noise Test | H52: ¢ | J52: £ | S52: Painting Test | Y52: ¢ | AA52: £
A53: 41 | B53: Penetration Test | H53: ¢ | J53: £ | L53: 10% weldline 100% T-joint | S53: Radiography Test | Y53: ¢ | AA53: £ | AC53: 10% weldline & 100% T-joint
A54: 42 | B54: Shop Inspection | H54: ¢ | J54: £ | S54: Ultrasonic Test | Y54: £ | AA54: ¢
A55: NOTES
A56: 43 | B56: Note1: Dryer inlet flow rate is 1360 Nm3/h. By considering 15% purge , the outlet flow rate will be 1156 Nm3/hr.

Sheet Evaluation Warning
A10: Created with a trial version of Syncfusion Essential XlsIO
